[
  {
    "id": "10325",
    "name": "Pret A Manger",
    "address": "37 Shelton Street",
    "city": "London",
    "postcode": "WC2H 9HN",
    "latitude": 51.51468871,
    "longitude": -0.12496523,
    "status": "open"
  },
  {
    "id": "10439",
    "name": "Pret A Manger",
    "address": "14 Warren Street",
    "city": "London",
    "postcode": "W1T 5LL",
    "latitude": 51.5241459,
    "longitude": -0.1389788,
    "status": "open"
  },
  {
    "id": "10145",
    "name": "Pret A Manger",
    "address": "67 Tottenham Court Road",
    "city": "London",
    "postcode": "W1T 2EY",
    "latitude": 51.5202627,
    "longitude": -0.1342397,
    "status": "open"
  },
  {
    "id": "10560",
    "name": "Pret A Manger",
    "address": "Euston Road, Retail Unit 26 & 27, The Circle, St Pancras International",
    "city": "London",
    "postcode": "N1C 4QP",
    "latitude": 51.531427,
    "longitude": -0.126133,
    "status": "open"
  },
  {
    "id": "10317",
    "name": "Pret A Manger",
    "address": "York Way, Kings Cross Station, Unit Cg08",
    "city": "London",
    "postcode": "N1C 9AP",
    "latitude": 51.53154315,
    "longitude": -0.12457351,
    "status": "open"
  },
  {
    "id": "10563",
    "name": "Pret A Manger",
    "address": "Euston Road, Unit 1 Southern Square",
    "city": "London",
    "postcode": "N1C 4AP",
    "latitude": 51.527607,
    "longitude": -0.1331756,
    "status": "open"
  },
  {
    "id": "10555",
    "name": "Pret A Manger",
    "address": "26 Edgware Road",
    "city": "London",
    "postcode": "W2 2EH",
    "latitude": 51.5137263,
    "longitude": -0.160508,
    "status": "open"
  },
  {
    "id": "10438",
    "name": "Pret A Manger",
    "address": "217 Strand",
    "city": "London",
    "postcode": "WC2R 1AT",
    "latitude": 51.5132807,
    "longitude": -0.1127745,
    "status": "open"
  },
  {
    "id": "10433",
    "name": "Pret A Manger",
    "address": "35-37 King's Road",
    "city": "London",
    "postcode": "SW3 4NB",
    "latitude": 51.49020613,
    "longitude": -0.16199477,
    "status": "open"
  },
  {
    "id": "10440",
    "name": "Pret A Manger",
    "address": "12 Parkfield Street, Islington",
    "city": "London",
    "postcode": "N1 0PS",
    "latitude": 51.5342006,
    "longitude": -0.1060342,
    "status": "open"
  },
  {
    "id": "10578",
    "name": "Pret A Manger",
    "address": "Marylebone Road, Baker Street Tube",
    "city": "London",
    "postcode": "NW1 5LA",
    "latitude": 51.52267336,
    "longitude": -0.15630102,
    "status": "open"
  },
  {
    "id": "10382",
    "name": "Pret A Manger",
    "address": "Unit GO1A Waterloo Station, Main Concourse, Main Concourse, Unit GO1A, Waterloo Station",
    "city": "London",
    "postcode": "SE1 7NQ",
    "latitude": 51.5032988,
    "longitude": -0.1124044,
    "status": "open"
  },
  {
    "id": "10444",
    "name": "Pret A Manger",
    "address": "Paddington Subway Sta, Paddington Station, Unit 26, Platform 1",
    "city": "London",
    "postcode": "W2 1HB",
    "latitude": 51.5166744,
    "longitude": -0.1769328,
    "status": "open"
  },
  {
    "id": "10445",
    "name": "Pret A Manger",
    "address": "Whitecross Street, Unit 1, City Shopping Centre",
    "city": "London",
    "postcode": "EC1Y 8NX",
    "latitude": 51.5220227,
    "longitude": -0.0924261,
    "status": "open"
  },
  {
    "id": "10657",
    "name": "Pret A Manger",
    "address": "St Thomas St, Railway Approach, London Bridge Station",
    "city": "London",
    "postcode": "SE1 9SP",
    "latitude": 51.5046203181577,
    "longitude": -0.0859852813422683,
    "status": "open"
  },
  {
    "id": "10413",
    "name": "Pret A Manger",
    "address": "21 Station Street",
    "city": "London",
    "postcode": "E15 1DA",
    "latitude": 51.5416798,
    "longitude": -0.0026537,
    "status": "open"
  },
  {
    "id": "10530",
    "name": "Pret A Manger",
    "address": "Hartmann Road, London City Airport, Retail Unit , Gate 3",
    "city": "London",
    "postcode": "E16 2PX",
    "latitude": 51.50397136,
    "longitude": 0.04858966,
    "status": "open"
  },
  {
    "id": "10316",
    "name": "Pret A Manger",
    "address": "13 Hanover Square",
    "city": "London",
    "postcode": "W1S 1HN",
    "latitude": 51.5145178,
    "longitude": -0.1439031,
    "status": "open"
  },
  {
    "id": "10261",
    "name": "Pret A Manger",
    "address": "341 Kentish Town Road",
    "city": "London",
    "postcode": "NW5 2TJ",
    "latitude": 51.5505322,
    "longitude": -0.1409513,
    "status": "open"
  },
  {
    "id": "102",
    "name": "Pret A Manger",
    "address": "Wilton Road, Unit 36B, Victoria Station",
    "city": "London",
    "postcode": "SW1V 1JU",
    "latitude": 51.49534556,
    "longitude": -0.14390863,
    "status": "open"
  },
  {
    "id": "10385",
    "name": "Pret A Manger",
    "address": "2-4 Circus Road",
    "city": "London",
    "postcode": "NW8 6PG",
    "latitude": 51.53421,
    "longitude": -0.1716,
    "status": "open"
  },
  {
    "id": "104",
    "name": "Pret A Manger",
    "address": "65 Notting Hill Gate",
    "city": "London",
    "postcode": "W11 3JS",
    "latitude": 51.50899,
    "longitude": -0.1967,
    "status": "open"
  },
  {
    "id": "10607",
    "name": "Pret A Manger",
    "address": "231 Camden High Street",
    "city": "London",
    "postcode": "NW1 7BU",
    "latitude": 51.5400930557987,
    "longitude": -0.143954340401493,
    "status": "open"
  },
  {
    "id": "106",
    "name": "Pret A Manger",
    "address": "143 Fleet Street",
    "city": "London",
    "postcode": "EC4Y 1HY",
    "latitude": 51.514351,
    "longitude": -0.10709,
    "status": "open"
  },
  {
    "id": "211",
    "name": "Pret A Manger",
    "address": "62-63 Fenchurch Street, Vitro Building",
    "city": "London",
    "postcode": "EC3M 4AQ",
    "latitude": 51.5121214,
    "longitude": -0.079606,
    "status": "open"
  },
  {
    "id": "219",
    "name": "Pret A Manger",
    "address": "62-65 Trafalgar Square",
    "city": "London",
    "postcode": "WC2N 5DS",
    "latitude": 51.507312,
    "longitude": -0.128631,
    "status": "open"
  },
  {
    "id": "10435",
    "name": "Pret A Manger",
    "address": "55 Bishopsgate",
    "city": "London",
    "postcode": "EC2N 3AS",
    "latitude": 51.5153832,
    "longitude": -0.0826456,
    "status": "open"
  },
  {
    "id": "10175",
    "name": "Pret A Manger",
    "address": "Canada Place, Unit 7, Building DS4, Canary Wharf",
    "city": "London",
    "postcode": "E14 5NN",
    "latitude": 51.505043,
    "longitude": -0.01904,
    "status": "open"
  },
  {
    "id": "223",
    "name": "Pret A Manger",
    "address": "31 Cavendish Square",
    "city": "London",
    "postcode": "W1G 0PW",
    "latitude": 51.5159343,
    "longitude": -0.144161545,
    "status": "open"
  },
  {
    "id": "174",
    "name": "Pret A Manger",
    "address": "136 Great Portland Street",
    "city": "London",
    "postcode": "W1W 6PY",
    "latitude": 51.5202708,
    "longitude": -0.1426412,
    "status": "open"
  },
  {
    "id": "265",
    "name": "Pret A Manger",
    "address": "173 Victoria Street",
    "city": "London",
    "postcode": "SW1E 5NA",
    "latitude": 51.4963349,
    "longitude": -0.1421851,
    "status": "open"
  },
  {
    "id": "10434",
    "name": "Pret A Manger",
    "address": "5 Pall Mall East",
    "city": "London",
    "postcode": "SW1Y 5BA",
    "latitude": 51.5082321,
    "longitude": -0.130062,
    "status": "open"
  },
  {
    "id": "156",
    "name": "Pret A Manger",
    "address": "132 Brompton Road",
    "city": "London",
    "postcode": "SW3 1HY",
    "latitude": 51.498756,
    "longitude": -0.1657017,
    "status": "open"
  },
  {
    "id": "10437",
    "name": "Pret A Manger",
    "address": "93-95 Victoria Street",
    "city": "London",
    "postcode": "SW1H 0HW",
    "latitude": 51.4973714,
    "longitude": -0.1353875,
    "status": "open"
  },
  {
    "id": "92",
    "name": "Pret A Manger",
    "address": "Euston Road, Euston Tower Podium, Unit 1",
    "city": "London",
    "postcode": "NW1 3DP",
    "latitude": 51.52532627,
    "longitude": -0.1392553,
    "status": "open"
  },
  {
    "id": "10402",
    "name": "Pret A Manger",
    "address": "1 Commercial Street",
    "city": "London",
    "postcode": "E1 6BF",
    "latitude": 51.5155828325732,
    "longitude": -0.0728276799831688,
    "status": "open"
  },
  {
    "id": "10114",
    "name": "Pret A Manger",
    "address": "117 Euston Road, Euston Station",
    "city": "London",
    "postcode": "NW1 2SX",
    "latitude": 51.528334,
    "longitude": -0.1275658,
    "status": "open"
  },
  {
    "id": "86",
    "name": "Pret A Manger",
    "address": "244 Great Portland Street",
    "city": "London",
    "postcode": "W1W 5QX",
    "latitude": 51.5234251,
    "longitude": -0.1438496,
    "status": "open"
  },
  {
    "id": "10414",
    "name": "Pret A Manger",
    "address": "280 High Holborn",
    "city": "London",
    "postcode": "WC1V 7EE",
    "latitude": 51.5176869698502,
    "longitude": -0.117104594327442,
    "status": "open"
  },
  {
    "id": "10418",
    "name": "Pret A Manger",
    "address": "11-15 Borough High Street",
    "city": "London",
    "postcode": "SE1 9SE",
    "latitude": 51.505535500031876,
    "longitude": -0.08874475089940473,
    "status": "open"
  },
  {
    "id": "10173",
    "name": "Pret A Manger",
    "address": "Canada Square, Canary Wharf, RT2, Unit 10, Canada Place Mall",
    "city": "London",
    "postcode": "E14 5NN",
    "latitude": 51.5066381,
    "longitude": -0.0278379,
    "status": "open"
  },
  {
    "id": "284",
    "name": "Pret A Manger",
    "address": "40 Bernard Street",
    "city": "London",
    "postcode": "WC1N 1LE",
    "latitude": 51.5233079,
    "longitude": -0.1248167,
    "status": "open"
  },
  {
    "id": "10556",
    "name": "Pret A Manger",
    "address": "40 Vauxhall Bridge Road",
    "city": "London",
    "postcode": "SW1V 2RX",
    "latitude": 51.49033402,
    "longitude": -0.13257288,
    "status": "open"
  },
  {
    "id": "10526",
    "name": "Pret A Manger",
    "address": "77-80 Gracechurch Street",
    "city": "London",
    "postcode": "EC3V 0AS",
    "latitude": 51.5122786596993,
    "longitude": -0.0846698130406552,
    "status": "open"
  },
  {
    "id": "10527",
    "name": "Pret A Manger",
    "address": "Elephant and Castle, 1 The Elephant, Elephant & Castle",
    "city": "London",
    "postcode": "SE1 6BH",
    "latitude": 51.4933641,
    "longitude": -0.098685,
    "status": "open"
  },
  {
    "id": "10394",
    "name": "Pret A Manger",
    "address": "95 Farringdon Road",
    "city": "London",
    "postcode": "EC1R 3BT",
    "latitude": 51.5224201,
    "longitude": -0.1075039,
    "status": "open"
  },
  {
    "id": "10521",
    "name": "Pret A Manger",
    "address": "8B Leather Lane",
    "city": "London",
    "postcode": "EC1N 7RA",
    "latitude": 51.51858703,
    "longitude": -0.10883632,
    "status": "open"
  },
  {
    "id": "95",
    "name": "Pret A Manger",
    "address": "11-13 Holborn Viaduct, Fleetplate House",
    "city": "London",
    "postcode": "EC1A 2AT",
    "latitude": 51.51661319,
    "longitude": -0.1036033,
    "status": "open"
  },
  {
    "id": "10670",
    "name": "Pret A Manger",
    "address": "80-82 Saint John's Road",
    "city": "London",
    "postcode": "SW11 1PX",
    "latitude": 51.4613402,
    "longitude": -0.1674908,
    "status": "open"
  },
  {
    "id": "293",
    "name": "Pret A Manger",
    "address": "30 Gresham Street, Unit 3",
    "city": "London",
    "postcode": "EC2V 7PG",
    "latitude": 51.51416,
    "longitude": -0.0931504,
    "status": "open"
  },
  {
    "id": "10682",
    "name": "Pret A Manger",
    "address": "9 Argyll Street",
    "city": "London",
    "postcode": "W1F 7TG",
    "latitude": 51.5147514,
    "longitude": -0.1405998,
    "status": "open"
  },
  {
    "id": "10536",
    "name": "Pret A Manger",
    "address": "High Road, Wood Green, Unit 23, The Mall",
    "city": "London",
    "postcode": "N22 6YA",
    "latitude": 51.5944812912075,
    "longitude": -0.108530129673587,
    "status": "open"
  },
  {
    "id": "10286",
    "name": "Pret A Manger",
    "address": "54-60 York Way",
    "city": "London",
    "postcode": "N1 9AB",
    "latitude": 51.5333608,
    "longitude": -0.12221597,
    "status": "open"
  },
  {
    "id": "10683",
    "name": "Pret A Manger",
    "address": "42 Selborne Road, Walthamstow, Unit 59-60 The Mall",
    "city": "London",
    "postcode": "E17 7JR",
    "latitude": 51.583618,
    "longitude": -0.0223932,
    "status": "open"
  },
  {
    "id": "10701",
    "name": "Pret A Manger",
    "address": "Blackfriars Bridge, Blackfriars Bridge",
    "city": "London",
    "postcode": "EC4V 4DD",
    "latitude": 51.51023921,
    "longitude": -0.10327176,
    "status": "open"
  },
  {
    "id": "10639",
    "name": "Pret A Manger",
    "address": "417 Brixton Road",
    "city": "London",
    "postcode": "SW9 8HE",
    "latitude": 51.4630531,
    "longitude": -0.1145677,
    "status": "open"
  },
  {
    "id": "10466",
    "name": "Pret A Manger",
    "address": "125 Old Broad Street",
    "city": "London",
    "postcode": "EC2N 1DW",
    "latitude": 51.5148276,
    "longitude": -0.0861277,
    "status": "open"
  },
  {
    "id": "6",
    "name": "Pret A Manger",
    "address": "21 Crown Passage",
    "city": "London",
    "postcode": "SW1Y 6PP",
    "latitude": 51.5057851,
    "longitude": -0.13803,
    "status": "open"
  },
  {
    "id": "89",
    "name": "Pret A Manger",
    "address": "15 Theobalds Road",
    "city": "London",
    "postcode": "WC1X 8SL",
    "latitude": 51.52039,
    "longitude": -0.1170943,
    "status": "open"
  },
  {
    "id": "10778",
    "name": "Pret A Manger",
    "address": "Kingsland High Street, Western Curve, Dalston",
    "city": "London",
    "postcode": "E8 2JS",
    "latitude": 51.5472836,
    "longitude": -0.07575948,
    "status": "open"
  },
  {
    "id": "10750",
    "name": "Pret A Manger",
    "address": "2A Southwark Bridge Road, Unit 3,Bankside",
    "city": "London",
    "postcode": "SE1 9HA",
    "latitude": 51.5080668,
    "longitude": -0.0950272,
    "status": "open"
  },
  {
    "id": "85",
    "name": "Pret A Manger",
    "address": "Orchard Street, Unit 3, Portman Square House",
    "city": "London",
    "postcode": "W1H 6HJ",
    "latitude": 51.51505727,
    "longitude": -0.15461801,
    "status": "open"
  },
  {
    "id": "10768",
    "name": "Pret A Manger",
    "address": "70 Chiswell Street",
    "city": "London",
    "postcode": "EC1Y 4AB",
    "latitude": 51.5205175,
    "longitude": -0.0894169,
    "status": "open"
  },
  {
    "id": "10461",
    "name": "Pret A Manger",
    "address": "1 Three Quays Walk, Lower Thames Street",
    "city": "London",
    "postcode": "EC3R 6AH",
    "latitude": 51.5081307,
    "longitude": -0.0792881,
    "status": "open"
  },
  {
    "id": "74",
    "name": "Pret A Manger",
    "address": "25 Saint Mary Axe",
    "city": "London",
    "postcode": "EC3A 8AA",
    "latitude": 51.5147144,
    "longitude": -0.0810238,
    "status": "open"
  },
  {
    "id": "10580",
    "name": "Pret A Manger",
    "address": "Old Brompton Road, South Kensington Tube",
    "city": "London",
    "postcode": "SW7 2NB",
    "latitude": 51.49349409,
    "longitude": -0.17424993,
    "status": "open"
  },
  {
    "id": "10181",
    "name": "Pret A Manger",
    "address": "24 Wigmore Street",
    "city": "London",
    "postcode": "W1U 2RJ",
    "latitude": 51.5167416,
    "longitude": -0.147475,
    "status": "open"
  },
  {
    "id": "10333",
    "name": "Pret A Manger",
    "address": "81 Piccadilly",
    "city": "London",
    "postcode": "W1J 8HY",
    "latitude": 51.5066547,
    "longitude": -0.1435076,
    "status": "open"
  },
  {
    "id": "10166",
    "name": "Pret A Manger",
    "address": "47 Great Peter Street",
    "city": "London",
    "postcode": "SW1P 3LT",
    "latitude": 51.4968357,
    "longitude": -0.1291979,
    "status": "open"
  },
  {
    "id": "50",
    "name": "Pret A Manger",
    "address": "1 Great Tower Street",
    "city": "London",
    "postcode": "EC3R 5AA",
    "latitude": 51.510212,
    "longitude": -0.0825844,
    "status": "open"
  },
  {
    "id": "10222",
    "name": "Pret A Manger",
    "address": "Retail Unit 2 Regent Street, Retail Unit 2",
    "city": "London",
    "postcode": "SW1Y 4PE",
    "latitude": 51.5082595,
    "longitude": -0.132851,
    "status": "open"
  },
  {
    "id": "10665",
    "name": "Pret A Manger",
    "address": "Euston Road, St Pancras International Station, Unit 61",
    "city": "London",
    "postcode": "N1C 4QL",
    "latitude": 51.531427,
    "longitude": -0.126133,
    "status": "open"
  },
  {
    "id": "10469",
    "name": "Pret A Manger",
    "address": "Woburn Walk, Unit 2, Lynton House",
    "city": "London",
    "postcode": "WC1H 9LT",
    "latitude": 51.525418,
    "longitude": -0.128429,
    "status": "open"
  },
  {
    "id": "10186",
    "name": "Pret A Manger",
    "address": "51 Borough High Street",
    "city": "London",
    "postcode": "SE1 1NB",
    "latitude": 51.5047554,
    "longitude": -0.0897945,
    "status": "open"
  },
  {
    "id": "57",
    "name": "Pret A Manger",
    "address": "192 Bishopsgate",
    "city": "London",
    "postcode": "EC2M 4NR",
    "latitude": 51.5179108,
    "longitude": -0.0797849,
    "status": "open"
  },
  {
    "id": "10540",
    "name": "Pret A Manger",
    "address": "10 Bressenden Place",
    "city": "London",
    "postcode": "SW1E 5DU",
    "latitude": 51.49808713,
    "longitude": -0.14270927,
    "status": "open"
  },
  {
    "id": "10187",
    "name": "Pret A Manger",
    "address": "129A Wilton Road",
    "city": "London",
    "postcode": "SW1V 1JZ",
    "latitude": 51.4943291,
    "longitude": -0.1424848,
    "status": "open"
  },
  {
    "id": "10185",
    "name": "Pret A Manger",
    "address": "57 Great Eastern Street",
    "city": "London",
    "postcode": "EC2A 3QD",
    "latitude": 51.524587,
    "longitude": -0.08116903,
    "status": "open"
  },
  {
    "id": "58",
    "name": "Pret A Manger",
    "address": "85 Aldgate High Street",
    "city": "London",
    "postcode": "EC3N 1LH",
    "latitude": 51.51363,
    "longitude": -0.07623,
    "status": "open"
  },
  {
    "id": "10743",
    "name": "Pret A Manger",
    "address": "78 Hatton Garden",
    "city": "London",
    "postcode": "EC1N 8JS",
    "latitude": 51.5200923,
    "longitude": -0.1088443,
    "status": "open"
  },
  {
    "id": "10753",
    "name": "Pret A Manger",
    "address": "350 Euston Road, Regent's Place",
    "city": "London",
    "postcode": "NW1 3AX",
    "latitude": 51.52431229,
    "longitude": -0.1423136,
    "status": "open"
  },
  {
    "id": "10235",
    "name": "Pret A Manger",
    "address": "61-65 Conduit Street",
    "city": "London",
    "postcode": "W1S 2GB",
    "latitude": 51.5127923,
    "longitude": -0.1409564,
    "status": "open"
  },
  {
    "id": "10238",
    "name": "Pret A Manger",
    "address": "4 Wimbledon Hill Road, Wimbledon",
    "city": "London",
    "postcode": "SW19 7NS",
    "latitude": 51.4209551,
    "longitude": -0.2073728,
    "status": "open"
  },
  {
    "id": "3",
    "name": "Pret A Manger",
    "address": "319 High Holborn",
    "city": "London",
    "postcode": "WC1V 7PU",
    "latitude": 51.5181837,
    "longitude": -0.1127135,
    "status": "open"
  },
  {
    "id": "10606",
    "name": "Pret A Manger",
    "address": "119 Hammersmith Road, Unit 5, Kennedy House",
    "city": "London",
    "postcode": "W14 0QH",
    "latitude": 51.49446758,
    "longitude": -0.21250883,
    "status": "open"
  },
  {
    "id": "10273",
    "name": "Pret A Manger",
    "address": "211-213 Baker Street",
    "city": "London",
    "postcode": "NW1 6UY",
    "latitude": 51.5228759,
    "longitude": -0.1580332,
    "status": "open"
  },
  {
    "id": "10511",
    "name": "Pret A Manger",
    "address": "2 Garratt Lane, Southside Shopping Centre Unit 86, Wandsworth",
    "city": "London",
    "postcode": "SW18 4TF",
    "latitude": 51.4565325,
    "longitude": -0.1931406,
    "status": "open"
  },
  {
    "id": "10741",
    "name": "Pret A Manger",
    "address": "143-171 Moorgate",
    "city": "London",
    "postcode": "EC2M 6XB",
    "latitude": 51.5187839,
    "longitude": -0.0882404,
    "status": "open"
  },
  {
    "id": "65",
    "name": "Pret A Manger",
    "address": "381 Oxford Street, Unit G15, West One Shopping Centre",
    "city": "London",
    "postcode": "W1C 2JS",
    "latitude": 51.5137898,
    "longitude": -0.1495888,
    "status": "open"
  },
  {
    "id": "10237",
    "name": "Pret A Manger",
    "address": "201 Bishopsgate, Units 1 and 2",
    "city": "London",
    "postcode": "EC2M 3AB",
    "latitude": 51.52075169,
    "longitude": -0.07928689,
    "status": "open"
  },
  {
    "id": "10696",
    "name": "Pret A Manger",
    "address": "257-258 Upper Street",
    "city": "London",
    "postcode": "N1 1RU",
    "latitude": 51.54586384,
    "longitude": -0.10345024,
    "status": "open"
  },
  {
    "id": "10623",
    "name": "Pret A Manger",
    "address": "Endeavour Square, Stratford International Quarter",
    "city": "London",
    "postcode": "E20 1GL",
    "latitude": 51.5413728,
    "longitude": -0.0093168,
    "status": "open"
  },
  {
    "id": "10274",
    "name": "Pret A Manger",
    "address": "133 Houndsditch",
    "city": "London",
    "postcode": "EC3A 7BX",
    "latitude": 51.5152008,
    "longitude": -0.078125,
    "status": "open"
  },
  {
    "id": "10108",
    "name": "Pret A Manger",
    "address": "A219, Unit 30, Broadway Shopping Centre",
    "city": "London",
    "postcode": "W6 9YE",
    "latitude": 51.49239676,
    "longitude": -0.22337689,
    "status": "open"
  },
  {
    "id": "10426",
    "name": "Pret A Manger",
    "address": "90 Queen Street",
    "city": "London",
    "postcode": "EC4N 1SA",
    "latitude": 51.5134092007999,
    "longitude": -0.091684502137973,
    "status": "open"
  },
  {
    "id": "10296",
    "name": "Pret A Manger",
    "address": "110 Fetter Lane",
    "city": "London",
    "postcode": "EC4A 1ES",
    "latitude": 51.515906,
    "longitude": -0.109562,
    "status": "open"
  },
  {
    "id": "80",
    "name": "Pret A Manger",
    "address": "58-60 Stamford Street",
    "city": "London",
    "postcode": "SE1 9LX",
    "latitude": 51.5071699,
    "longitude": -0.1078545,
    "status": "open"
  },
  {
    "id": "10660",
    "name": "Pret A Manger",
    "address": "140 Ladbroke Grove",
    "city": "London",
    "postcode": "W10 5NE",
    "latitude": 51.51784776,
    "longitude": -0.21003508,
    "status": "open"
  },
  {
    "id": "10752",
    "name": "Pret A Manger",
    "address": "106-108 Brompton Road",
    "city": "London",
    "postcode": "SW3 1JJ",
    "latitude": 51.49934742,
    "longitude": -0.16468526,
    "status": "open"
  },
  {
    "id": "81",
    "name": "Pret A Manger",
    "address": "27-28 Great Marlborough Street",
    "city": "London",
    "postcode": "W1F 7HY",
    "latitude": 51.5137561,
    "longitude": -0.1396972,
    "status": "open"
  },
  {
    "id": "10295",
    "name": "Pret A Manger",
    "address": "4 Sheldon Square, Unit 8 Terrace Level",
    "city": "London",
    "postcode": "W2 6EZ",
    "latitude": 51.5192202,
    "longitude": -0.18009402,
    "status": "open"
  },
  {
    "id": "10711",
    "name": "Pret A Manger",
    "address": "Paddington Station, Platform 12",
    "city": "London",
    "postcode": "W2 1DA",
    "latitude": 51.5166744,
    "longitude": -0.1769328,
    "status": "open"
  },
  {
    "id": "10712",
    "name": "Pret A Manger",
    "address": "Melcombe Place, Unit 5, Marylebone Railway Station",
    "city": "London",
    "postcode": "NW1 6JJ",
    "latitude": 51.52253148,
    "longitude": -0.16336733,
    "status": "open"
  },
  {
    "id": "10284",
    "name": "Pret A Manger",
    "address": "Gee's Court, Unit 3 and 4",
    "city": "London",
    "postcode": "W1U 1JF",
    "latitude": 51.5150324,
    "longitude": -0.1500155,
    "status": "open"
  },
  {
    "id": "10581",
    "name": "Pret A Manger",
    "address": "Marsh Wall, Retail Unit, SQP3, South Quay",
    "city": "London",
    "postcode": "E14 9SH",
    "latitude": 51.5011677,
    "longitude": -0.0172657,
    "status": "open"
  },
  {
    "id": "10212",
    "name": "Pret A Manger",
    "address": "125 High Holborn",
    "city": "London",
    "postcode": "WC1V 6AN",
    "latitude": 51.5176865,
    "longitude": -0.121175,
    "status": "open"
  },
  {
    "id": "177",
    "name": "Pret A Manger",
    "address": "3 America Square",
    "city": "London",
    "postcode": "EC3N 2LR",
    "latitude": 51.51148784,
    "longitude": -0.07564366,
    "status": "open"
  },
  {
    "id": "10604",
    "name": "Pret A Manger",
    "address": "164 Buckingham Palace Road, Victoria Coach Station",
    "city": "London",
    "postcode": "SW1W 9TP",
    "latitude": 51.49246256,
    "longitude": -0.14848442,
    "status": "open"
  },
  {
    "id": "10666",
    "name": "Pret A Manger",
    "address": null,
    "city": "London",
    "postcode": "E15 1AZ",
    "latitude": 51.5412813,
    "longitude": -0.0034123,
    "status": "open"
  },
  {
    "id": "10292",
    "name": "Pret A Manger",
    "address": "19-23 Horseferry Road, Unit 12, Great Minster",
    "city": "London",
    "postcode": "SW1P 2AA",
    "latitude": 51.4947145,
    "longitude": -0.1295317,
    "status": "open"
  },
  {
    "id": "10759",
    "name": "Pret A Manger",
    "address": "19-20 Liverpool Street",
    "city": "London",
    "postcode": "EC2M 7PD",
    "latitude": 51.51735514,
    "longitude": -0.08250872,
    "status": "open"
  },
  {
    "id": "10287",
    "name": "Pret A Manger",
    "address": "24 Farringdon Street, Nexus Place",
    "city": "London",
    "postcode": "EC4A 4AB",
    "latitude": 51.5157599,
    "longitude": -0.1042396,
    "status": "open"
  },
  {
    "id": "10220",
    "name": "Pret A Manger",
    "address": "Hartmann Road, Royal Docksб London City Airport",
    "city": "London",
    "postcode": "E16 2PB",
    "latitude": 51.5036156,
    "longitude": 0.0497659,
    "status": "open"
  },
  {
    "id": "10289",
    "name": "Pret A Manger",
    "address": "87-88 Strand",
    "city": "London",
    "postcode": "WC2R 0DW",
    "latitude": 51.5103242,
    "longitude": -0.1214387,
    "status": "open"
  },
  {
    "id": "179",
    "name": "Pret A Manger",
    "address": "City Road, Unit 1, Oliver's Yard",
    "city": "London",
    "postcode": "EC1Y 1HQ",
    "latitude": 51.52440832,
    "longitude": -0.08726891,
    "status": "open"
  },
  {
    "id": "10738",
    "name": "Pret A Manger",
    "address": "3 Mitcham Road",
    "city": "London",
    "postcode": "SW17 9PA",
    "latitude": 51.42804,
    "longitude": -0.16755,
    "status": "open"
  },
  {
    "id": "10662",
    "name": "Pret A Manger",
    "address": "Euston Road, Unit 29, Eurostar Departure Lounge",
    "city": "London",
    "postcode": "NW1 2QP",
    "latitude": 51.5315184,
    "longitude": -0.1261342,
    "status": "open"
  },
  {
    "id": "275",
    "name": "Pret A Manger",
    "address": "Fulham Road, Fulham Broadway Retail Centre, Unit 5",
    "city": "London",
    "postcode": "SW6 1BW",
    "latitude": 51.48034865,
    "longitude": -0.19451943,
    "status": "open"
  },
  {
    "id": "10583",
    "name": "Pret A Manger",
    "address": "2-4 Camden High Street",
    "city": "London",
    "postcode": "NW1 0JH",
    "latitude": 51.5348448,
    "longitude": -0.1384267,
    "status": "open"
  },
  {
    "id": "10399",
    "name": "Pret A Manger",
    "address": "5 Vere Street",
    "city": "London",
    "postcode": "W1G 0DJ",
    "latitude": 51.51518008,
    "longitude": -0.14697921,
    "status": "open"
  },
  {
    "id": "10211",
    "name": "Pret A Manger",
    "address": "40 Stoney Street",
    "city": "London",
    "postcode": "SE1 9LB",
    "latitude": 51.5068357,
    "longitude": -0.0912484,
    "status": "open"
  },
  {
    "id": "292",
    "name": "Pret A Manger",
    "address": "125-135 Fenchurch Street, Unit C, Fountain House",
    "city": "London",
    "postcode": "EC3M 5DJ",
    "latitude": 51.51187442,
    "longitude": -0.08166179,
    "status": "open"
  },
  {
    "id": "10705",
    "name": "Pret A Manger",
    "address": "84-86 Holland Park Avenue",
    "city": "London",
    "postcode": "W11 3RB",
    "latitude": 51.507197,
    "longitude": -0.206148,
    "status": "open"
  },
  {
    "id": "10215",
    "name": "Pret A Manger",
    "address": "200 Aldersgate Street, Unit 1",
    "city": "London",
    "postcode": "EC1A 4HD",
    "latitude": 51.51756481,
    "longitude": -0.09758021,
    "status": "open"
  },
  {
    "id": "10410",
    "name": "Pret A Manger",
    "address": "157-168 Blackfriars Road",
    "city": "London",
    "postcode": "SE1 8EZ",
    "latitude": 51.5017164988996,
    "longitude": -0.104305257565902,
    "status": "open"
  },
  {
    "id": "10221",
    "name": "Pret A Manger",
    "address": "7 More London Riverside, London Riverside",
    "city": "London",
    "postcode": "SE1 2RT",
    "latitude": 51.5045414,
    "longitude": -0.08148789,
    "status": "open"
  },
  {
    "id": "10244",
    "name": "Pret A Manger",
    "address": "Buckingham Palace Road, Victoria Place Shopping Centre, Unit 2",
    "city": "London",
    "postcode": "SW1W 9SJ",
    "latitude": 51.4946954,
    "longitude": -0.1458012,
    "status": "open"
  },
  {
    "id": "10424",
    "name": "Pret A Manger",
    "address": "165-166 London Wall",
    "city": "London",
    "postcode": "EC2M 5QD",
    "latitude": 51.51738659,
    "longitude": -0.08795169,
    "status": "open"
  },
  {
    "id": "10708",
    "name": "Pret A Manger",
    "address": "128 Shoreditch High Street",
    "city": "London",
    "postcode": "E1 6JE",
    "latitude": 51.5267733,
    "longitude": -0.0783155,
    "status": "open"
  },
  {
    "id": "10251",
    "name": "Pret A Manger",
    "address": "64-68 New Oxford Street",
    "city": "London",
    "postcode": "WC1A 1AZ",
    "latitude": 51.5170143,
    "longitude": -0.1272275,
    "status": "open"
  },
  {
    "id": "10223",
    "name": "Pret A Manger",
    "address": "128 Queen Victoria Street, Old Change House",
    "city": "London",
    "postcode": "EC4V 4BY",
    "latitude": 51.5121032,
    "longitude": -0.0978839,
    "status": "open"
  },
  {
    "id": "10194",
    "name": "Pret A Manger",
    "address": "67 Coleman Street",
    "city": "London",
    "postcode": "EC2R 5BT",
    "latitude": 51.5164199,
    "longitude": -0.0895298,
    "status": "open"
  },
  {
    "id": "10456",
    "name": "Pret A Manger",
    "address": "5-11 Mortimer Street, Network House",
    "city": "London",
    "postcode": "W1T 3JB",
    "latitude": 51.5186638,
    "longitude": -0.1372491,
    "status": "open"
  },
  {
    "id": "10262",
    "name": "Pret A Manger",
    "address": "Retail Unit 1 Thomas More Square, Retail Unit 1",
    "city": "London",
    "postcode": "E1W 1YN",
    "latitude": 51.50812864,
    "longitude": -0.06816988,
    "status": "open"
  },
  {
    "id": "12",
    "name": "Pret A Manger",
    "address": "77-78 Saint Martin's Lane",
    "city": "London",
    "postcode": "WC2N 4AA",
    "latitude": 51.5116009,
    "longitude": -0.1274809,
    "status": "open"
  },
  {
    "id": "10303",
    "name": "Pret A Manger",
    "address": "3-5 Praed Street",
    "city": "London",
    "postcode": "W2 1NJ",
    "latitude": 51.518928,
    "longitude": -0.1692863,
    "status": "open"
  },
  {
    "id": "10365",
    "name": "Pret A Manger",
    "address": "367B Fulham Road",
    "city": "London",
    "postcode": "SW10 9TN",
    "latitude": 51.485408,
    "longitude": -0.1816043,
    "status": "open"
  },
  {
    "id": "10605",
    "name": "Pret A Manger",
    "address": "7-9 Queensway",
    "city": "London",
    "postcode": "W2 4QJ",
    "latitude": 51.5106746,
    "longitude": -0.1872789,
    "status": "open"
  },
  {
    "id": "19",
    "name": "Pret A Manger",
    "address": "163 Piccadilly",
    "city": "London",
    "postcode": "W1J 9ED",
    "latitude": 51.5078158,
    "longitude": -0.1400834,
    "status": "open"
  },
  {
    "id": "10544",
    "name": "Pret A Manger",
    "address": "152 Waterloo Road",
    "city": "London",
    "postcode": "SE1 7AA",
    "latitude": 51.5023003,
    "longitude": -0.112773,
    "status": "open"
  },
  {
    "id": "121",
    "name": "Pret A Manger",
    "address": "141 Cheapside",
    "city": "London",
    "postcode": "EC2V 6BJ",
    "latitude": 51.5145692,
    "longitude": -0.0960176,
    "status": "open"
  },
  {
    "id": "10602",
    "name": "Pret A Manger",
    "address": "111 Westminster Bridge Road",
    "city": "London",
    "postcode": "SE1 7HR",
    "latitude": 51.49919101,
    "longitude": -0.11325905,
    "status": "open"
  },
  {
    "id": "1",
    "name": "Pret A Manger",
    "address": "83 Chancery Lane, Unit 6",
    "city": "London",
    "postcode": "WC2A 1DD",
    "latitude": 51.5158202,
    "longitude": -0.1120312,
    "status": "open"
  },
  {
    "id": "10367",
    "name": "Pret A Manger",
    "address": "Pancras Rd, Norther Ticket Hall, Kings Cross Station",
    "city": "London",
    "postcode": "N1C 4AP",
    "latitude": 51.53226002,
    "longitude": -0.126561,
    "status": "open"
  },
  {
    "id": "243",
    "name": "Pret A Manger",
    "address": "3-5 Saint John Street, Clerkenwell",
    "city": "London",
    "postcode": "EC1M 4AA",
    "latitude": 51.52003944,
    "longitude": -0.10191644,
    "status": "open"
  },
  {
    "id": "10587",
    "name": "Pret A Manger",
    "address": "Arch 16 Station Place",
    "city": "London",
    "postcode": "N4 2DQ",
    "latitude": 51.5650509,
    "longitude": -0.1058653,
    "status": "open"
  },
  {
    "id": "39",
    "name": "Pret A Manger",
    "address": "Cabot Square, Canary Wharf, Unit 320, RT1 Cabot Place",
    "city": "London",
    "postcode": "E14 4QS",
    "latitude": 51.50517151,
    "longitude": -0.02019024,
    "status": "open"
  },
  {
    "id": "10621",
    "name": "Pret A Manger",
    "address": "Ariel Way, Southern Interchange, Unit SUC303 Westfield London",
    "city": "London",
    "postcode": "W12 7GA",
    "latitude": 51.507666,
    "longitude": -0.2214629,
    "status": "open"
  },
  {
    "id": "10667",
    "name": "Pret A Manger",
    "address": "Ariel Way, Unit Su2203a, Westfield Shopping Centre",
    "city": "London",
    "postcode": "W12 7HT",
    "latitude": 51.5070917,
    "longitude": -0.22049998,
    "status": "open"
  },
  {
    "id": "10376",
    "name": "Pret A Manger",
    "address": "4 Regent Place",
    "city": "London",
    "postcode": "W1B 5EA",
    "latitude": 51.5111586,
    "longitude": -0.1383445,
    "status": "open"
  },
  {
    "id": "10631",
    "name": "Pret A Manger",
    "address": "21 Spafield Street, Exmouth Market",
    "city": "London",
    "postcode": "EC1R 4QD",
    "latitude": 51.52566006,
    "longitude": -0.10993477,
    "status": "open"
  },
  {
    "id": "10720",
    "name": "Pret A Manger",
    "address": "202-206 Union Street",
    "city": "London",
    "postcode": "SE1 0LX",
    "latitude": 51.5038806,
    "longitude": -0.1026117,
    "status": "open"
  },
  {
    "id": "253",
    "name": "Pret A Manger",
    "address": "92 Buckingham Palace Road",
    "city": "London",
    "postcode": "SW1W 0SS",
    "latitude": 51.49442624,
    "longitude": -0.14697332,
    "status": "open"
  },
  {
    "id": "10715",
    "name": "Pret A Manger",
    "address": "219 Finchley Road",
    "city": "London",
    "postcode": "NW3 6LP",
    "latitude": 51.54829,
    "longitude": -0.18094,
    "status": "open"
  },
  {
    "id": "10486",
    "name": "Pret A Manger",
    "address": "168-188 Fulham Palace Road",
    "city": "London",
    "postcode": "W6 9PA",
    "latitude": 51.4854353,
    "longitude": -0.2204083,
    "status": "open"
  },
  {
    "id": "10698",
    "name": "Pret A Manger",
    "address": "120-125 Strand",
    "city": "London",
    "postcode": "WC2R 0AP",
    "latitude": 51.5109324640443,
    "longitude": -0.119285482424048,
    "status": "open"
  },
  {
    "id": "10693",
    "name": "Pret A Manger",
    "address": "7-8 Saint Martin's Place",
    "city": "London",
    "postcode": "WC2N 4HA",
    "latitude": 51.5093776,
    "longitude": -0.1267583,
    "status": "open"
  },
  {
    "id": "254",
    "name": "Pret A Manger",
    "address": "15 Old Brompton Road",
    "city": "London",
    "postcode": "SW7 3HZ",
    "latitude": 51.4935407,
    "longitude": -0.17427353,
    "status": "open"
  },
  {
    "id": "10476",
    "name": "Pret A Manger",
    "address": "161 City Road, Eagle House",
    "city": "London",
    "postcode": "EC1V 1NR",
    "latitude": 51.52798726,
    "longitude": -0.08944553,
    "status": "open"
  },
  {
    "id": "10756",
    "name": "Pret A Manger",
    "address": "Belvedere Road, Unit 4 Royal Festival Hall",
    "city": "London",
    "postcode": "SE1 8XX",
    "latitude": 51.50597386,
    "longitude": -0.11707268,
    "status": "open"
  },
  {
    "id": "10755",
    "name": "Pret A Manger",
    "address": "1 George Street, Ariel Way",
    "city": "London",
    "postcode": "W1U 3QF",
    "latitude": 51.51787666,
    "longitude": -0.15173055,
    "status": "open"
  },
  {
    "id": "10786",
    "name": "Pret A Manger",
    "address": "190 Strand",
    "city": "London",
    "postcode": "WC2R 1DP",
    "latitude": 51.51272916,
    "longitude": -0.1141443,
    "status": "open"
  },
  {
    "id": "10378",
    "name": "Pret A Manger",
    "address": "192 Shoreditch High Street",
    "city": "London",
    "postcode": "E1 6HU",
    "latitude": 51.52403,
    "longitude": -0.07747,
    "status": "open"
  },
  {
    "id": "10749",
    "name": "Pret A Manger",
    "address": "3 Duke of York Street",
    "city": "London",
    "postcode": "SW1Y 6JP",
    "latitude": 51.508293,
    "longitude": -0.136507,
    "status": "open"
  },
  {
    "id": "10520",
    "name": "Pret A Manger",
    "address": "49-52 Bow Lane",
    "city": "London",
    "postcode": "EC4M 9DJ",
    "latitude": 51.5134517,
    "longitude": -0.0932354,
    "status": "open"
  },
  {
    "id": "114",
    "name": "Pret A Manger",
    "address": "18 Hanover Street",
    "city": "London",
    "postcode": "W1S 1YN",
    "latitude": 51.5138039,
    "longitude": -0.1419489,
    "status": "open"
  },
  {
    "id": "10629",
    "name": "Pret A Manger",
    "address": "Hepdon Mews, St George's University of London, Jenner Wing, Ground Floor",
    "city": "London",
    "postcode": "SW17 0RE",
    "latitude": 51.42669,
    "longitude": -0.17558,
    "status": "open"
  },
  {
    "id": "107",
    "name": "Pret A Manger",
    "address": "65 Long Acre",
    "city": "London",
    "postcode": "WC2E 9JD",
    "latitude": 51.513926,
    "longitude": -0.122915,
    "status": "open"
  },
  {
    "id": "21",
    "name": "Pret A Manger",
    "address": "240-241 High Holborn",
    "city": "London",
    "postcode": "WC1V 7DN",
    "latitude": 51.5176072,
    "longitude": -0.1189221,
    "status": "open"
  },
  {
    "id": "116",
    "name": "Pret A Manger",
    "address": "157 Camden High Street",
    "city": "London",
    "postcode": "NW1 7JY",
    "latitude": 51.53812,
    "longitude": -0.142214,
    "status": "open"
  },
  {
    "id": "10745",
    "name": "Pret A Manger",
    "address": "2 White Kennett Street, The St Botolphs Building",
    "city": "London",
    "postcode": "E1 7BS",
    "latitude": 51.5150581,
    "longitude": -0.0769397,
    "status": "open"
  },
  {
    "id": "10110",
    "name": "Pret A Manger",
    "address": "2 Canvey Street",
    "city": "London",
    "postcode": "SE1 9AN",
    "latitude": 51.5057588,
    "longitude": -0.0992494,
    "status": "open"
  },
  {
    "id": "319",
    "name": "Pret A Manger",
    "address": "99 Gloucester Road",
    "city": "London",
    "postcode": "SW7 4SS",
    "latitude": 51.49400308,
    "longitude": -0.18201869,
    "status": "open"
  },
  {
    "id": "113",
    "name": "Pret A Manger",
    "address": "27 Islington High Street",
    "city": "London",
    "postcode": "N1 9LH",
    "latitude": 51.53288847,
    "longitude": -0.10638551,
    "status": "open"
  },
  {
    "id": "38",
    "name": "Pret A Manger",
    "address": "25 Villiers Street",
    "city": "London",
    "postcode": "WC2N 6ND",
    "latitude": 51.5082401,
    "longitude": -0.1238025,
    "status": "open"
  },
  {
    "id": "10002",
    "name": "Pret A Manger",
    "address": "43 King William Street",
    "city": "London",
    "postcode": "EC4R 9AN",
    "latitude": 51.5098409,
    "longitude": -0.0866542,
    "status": "open"
  },
  {
    "id": "47",
    "name": "Pret A Manger",
    "address": "29-33 Kingsway",
    "city": "London",
    "postcode": "WC2B 6UF",
    "latitude": 51.5141584,
    "longitude": -0.118532,
    "status": "open"
  },
  {
    "id": "10779",
    "name": "Pret A Manger",
    "address": "21-24 Grosvenor Place",
    "city": "London",
    "postcode": "SW1X 7HN",
    "latitude": 51.49986593,
    "longitude": -0.14943966,
    "status": "open"
  },
  {
    "id": "10645",
    "name": "Pret A Manger",
    "address": "Tottenham Court Road, Unit 1, Ticket Hall, Tube Station",
    "city": "London",
    "postcode": "W1D 1AN",
    "latitude": 51.5165573907211,
    "longitude": -0.130815098804287,
    "status": "open"
  },
  {
    "id": "35",
    "name": "Pret A Manger",
    "address": "101 Turnmill Street",
    "city": "London",
    "postcode": "EC1M 5QP",
    "latitude": 51.5203373,
    "longitude": -0.1043052,
    "status": "open"
  },
  {
    "id": "10777",
    "name": "Pret A Manger",
    "address": "17 City Road",
    "city": "London",
    "postcode": "EC1Y 1AG",
    "latitude": 51.52249124,
    "longitude": -0.08686051,
    "status": "open"
  },
  {
    "id": "10149",
    "name": "Pret A Manger",
    "address": "14-16 Lombard Street, Unit 1",
    "city": "London",
    "postcode": "EC3V 9AU",
    "latitude": 51.51275452,
    "longitude": -0.08765949,
    "status": "open"
  },
  {
    "id": "30",
    "name": "Pret A Manger",
    "address": "556 Oxford Street",
    "city": "London",
    "postcode": "W1C 1LZ",
    "latitude": 51.51364754,
    "longitude": -0.15860488,
    "status": "open"
  },
  {
    "id": "43",
    "name": "Pret A Manger",
    "address": "Kensington High Street, Arcade, Unit 14",
    "city": "London",
    "postcode": "W8 5SF",
    "latitude": 51.50079688,
    "longitude": -0.19265253,
    "status": "open"
  },
  {
    "id": "10240",
    "name": "Pret A Manger",
    "address": "Ariel Way, Westfield, Mall South, Unit 2033, Level 50",
    "city": "London",
    "postcode": "W12 7GR",
    "latitude": 51.50749237,
    "longitude": -0.2212054,
    "status": "open"
  },
  {
    "id": "10248",
    "name": "Pret A Manger",
    "address": "49 Eastcastle Street",
    "city": "London",
    "postcode": "W1W 8DZ",
    "latitude": 51.5163649,
    "longitude": -0.138999,
    "status": "open"
  },
  {
    "id": "10253",
    "name": "Pret A Manger",
    "address": "32 Avery Row",
    "city": "London",
    "postcode": "W1K 4BE",
    "latitude": 51.51229638,
    "longitude": -0.145394,
    "status": "open"
  },
  {
    "id": "10354",
    "name": "Pret A Manger",
    "address": "14-24 Caxton Street",
    "city": "London",
    "postcode": "SW1H 0QU",
    "latitude": 51.49868944,
    "longitude": -0.13596343,
    "status": "open"
  },
  {
    "id": "10197",
    "name": "Pret A Manger",
    "address": "Euston Station, P1",
    "city": "London",
    "postcode": "NW1 2SX",
    "latitude": 51.528334,
    "longitude": -0.1275658,
    "status": "open"
  },
  {
    "id": "10369",
    "name": "Pret A Manger",
    "address": "19 Eastcheap",
    "city": "London",
    "postcode": "EC3M 1BU",
    "latitude": 51.5108879,
    "longitude": -0.0844184,
    "status": "open"
  },
  {
    "id": "14",
    "name": "Pret A Manger",
    "address": "298 Regent Street",
    "city": "London",
    "postcode": "W1B 3AP",
    "latitude": 51.516306,
    "longitude": -0.1420877,
    "status": "open"
  },
  {
    "id": "10374",
    "name": "Pret A Manger",
    "address": "167 Borough High Street",
    "city": "London",
    "postcode": "SE1 1HR",
    "latitude": 51.502713,
    "longitude": -0.09191,
    "status": "open"
  },
  {
    "id": "10375",
    "name": "Pret A Manger",
    "address": "20 Baker Street",
    "city": "London",
    "postcode": "W1U 3BY",
    "latitude": 51.5176734,
    "longitude": -0.1551687,
    "status": "open"
  },
  {
    "id": "41",
    "name": "Pret A Manger",
    "address": "8-10 King Street, Hammersmith",
    "city": "London",
    "postcode": "W6 0QA",
    "latitude": 51.49307,
    "longitude": -0.22559,
    "status": "open"
  },
  {
    "id": "120",
    "name": "Pret A Manger",
    "address": "49 Tothill Street",
    "city": "London",
    "postcode": "SW1H 9LQ",
    "latitude": 51.4996039,
    "longitude": -0.1325016,
    "status": "open"
  },
  {
    "id": "10475",
    "name": "Pret A Manger",
    "address": "121 Bethnal Green Road",
    "city": "London",
    "postcode": "E2 7DG",
    "latitude": 51.5249789,
    "longitude": -0.0718784,
    "status": "open"
  },
  {
    "id": "124",
    "name": "Pret A Manger",
    "address": "121 Putney High Street",
    "city": "London",
    "postcode": "SW15 1SU",
    "latitude": 51.46239,
    "longitude": -0.21622,
    "status": "open"
  },
  {
    "id": "10236",
    "name": "Pret A Manger",
    "address": "21 Saint George Wharf, Vauxhall",
    "city": "London",
    "postcode": "SW8 2JW",
    "latitude": 51.48625,
    "longitude": -0.12483,
    "status": "open"
  },
  {
    "id": "10470",
    "name": "Pret A Manger",
    "address": "240 Blackfriars Road",
    "city": "London",
    "postcode": "SE1 8NW",
    "latitude": 51.506604,
    "longitude": -0.1040824,
    "status": "open"
  },
  {
    "id": "282",
    "name": "Pret A Manger",
    "address": "39 Coventry Street",
    "city": "London",
    "postcode": "W1D 6BZ",
    "latitude": 51.5102973,
    "longitude": -0.1316134,
    "status": "open"
  },
  {
    "id": "250",
    "name": "Pret A Manger",
    "address": "47-49 Tooley Street",
    "city": "London",
    "postcode": "SE1 2QN",
    "latitude": 51.5055593,
    "longitude": -0.08499506,
    "status": "open"
  },
  {
    "id": "252",
    "name": "Pret A Manger",
    "address": "1 Finsbury Square, Unit 2",
    "city": "London",
    "postcode": "EC2A 1AE",
    "latitude": 51.5207044,
    "longitude": -0.0875261,
    "status": "open"
  },
  {
    "id": "87",
    "name": "Pret A Manger",
    "address": "9/10 Goswell Road, Charterhouse Buildings",
    "city": "London",
    "postcode": "EC1M 7AN",
    "latitude": 51.5231115,
    "longitude": -0.0985752,
    "status": "open"
  },
  {
    "id": "51",
    "name": "Pret A Manger",
    "address": "52-54 Cannon Street",
    "city": "London",
    "postcode": "EC4N 6LY",
    "latitude": 51.5119992,
    "longitude": -0.0925261,
    "status": "open"
  },
  {
    "id": "10593",
    "name": "Pret A Manger",
    "address": "36-38 Cowcross Street",
    "city": "London",
    "postcode": "EC1M 6BY",
    "latitude": 51.52022976,
    "longitude": -0.10464827,
    "status": "open"
  },
  {
    "id": "278",
    "name": "Pret A Manger",
    "address": "10 Paternoster Square, Unit 1",
    "city": "London",
    "postcode": "EC4M 7DY",
    "latitude": 51.51520101,
    "longitude": -0.09907372,
    "status": "open"
  },
  {
    "id": "10595",
    "name": "Pret A Manger",
    "address": "7-8 Rathbone Place",
    "city": "London",
    "postcode": "W1T 1HN",
    "latitude": 51.5168322,
    "longitude": -0.1330828,
    "status": "open"
  },
  {
    "id": "117",
    "name": "Pret A Manger",
    "address": "7 Berkeley Square",
    "city": "London",
    "postcode": "W1J 6ES",
    "latitude": 51.50950978,
    "longitude": -0.1445307,
    "status": "open"
  },
  {
    "id": "68",
    "name": "Pret A Manger",
    "address": "7 Westferry Circus, Unit B2.S.50",
    "city": "London",
    "postcode": "E14 4HD",
    "latitude": 51.505973,
    "longitude": -0.0272556,
    "status": "open"
  },
  {
    "id": "10159",
    "name": "Pret A Manger",
    "address": "28 Fenchurch Avenue",
    "city": "London",
    "postcode": "EC3M 5AD",
    "latitude": 51.51293351,
    "longitude": -0.08140526,
    "status": "open"
  },
  {
    "id": "10323",
    "name": "Pret A Manger",
    "address": "182 Saint John Street",
    "city": "London",
    "postcode": "EC1V 4JZ",
    "latitude": 51.5245722,
    "longitude": -0.1030966,
    "status": "open"
  },
  {
    "id": "10191",
    "name": "Pret A Manger",
    "address": "5 Aldermanbury Square, Unit 2",
    "city": "London",
    "postcode": "EC2V 7HR",
    "latitude": 51.51712345,
    "longitude": -0.0933459,
    "status": "open"
  },
  {
    "id": "10446",
    "name": "Pret A Manger",
    "address": "Harbour Exchange Square, Millwall Dock, Docklands, Unit CGN, 19, Island",
    "city": "London",
    "postcode": "E14 9GE",
    "latitude": 51.49854,
    "longitude": -0.01583,
    "status": "open"
  },
  {
    "id": "10326",
    "name": "Pret A Manger",
    "address": "402 Saint John Street",
    "city": "London",
    "postcode": "EC1V 4NJ",
    "latitude": 51.5310634,
    "longitude": -0.1057951,
    "status": "open"
  },
  {
    "id": "10291",
    "name": "Pret A Manger",
    "address": "21 Mansell Street",
    "city": "London",
    "postcode": "E1 8AA",
    "latitude": 51.5137929,
    "longitude": -0.0732797,
    "status": "open"
  },
  {
    "id": "10477",
    "name": "Pret A Manger",
    "address": "95 Cannon Street, The Walbrook Building",
    "city": "London",
    "postcode": "EC4N 5AE",
    "latitude": 51.5118373,
    "longitude": -0.0904335,
    "status": "open"
  },
  {
    "id": "10174",
    "name": "Pret A Manger",
    "address": "1 Canada Square, Canary Wharf, Ds7",
    "city": "London",
    "postcode": "E14 4QS",
    "latitude": 51.5051589,
    "longitude": -0.0201856,
    "status": "open"
  },
  {
    "id": "10290",
    "name": "Pret A Manger",
    "address": "Westfield Avenue, Stratford City, Su 2054, 202 The Gallery",
    "city": "London",
    "postcode": "E20 1ES",
    "latitude": 51.543251,
    "longitude": -0.007338,
    "status": "open"
  },
  {
    "id": "10552",
    "name": "Pret A Manger",
    "address": "35 Frith Street",
    "city": "London",
    "postcode": "W1D 5LQ",
    "latitude": 51.5126935,
    "longitude": -0.1310827,
    "status": "open"
  },
  {
    "id": "10321",
    "name": "Pret A Manger",
    "address": "230-232 Earls Court Road",
    "city": "London",
    "postcode": "SW5 9RD",
    "latitude": 51.4920426,
    "longitude": -0.1930876,
    "status": "open"
  },
  {
    "id": "195",
    "name": "Pret A Manger",
    "address": "Bank Street, Unit 13, RT3, Canary Wharf",
    "city": "London",
    "postcode": "E14 5NY",
    "latitude": 51.5030777,
    "longitude": -0.0182551,
    "status": "open"
  },
  {
    "id": "10790",
    "name": "Pret A Manger",
    "address": "1 Stratford Place, Westfield Stratford City, Unit SU37A-M6, Stratford Place 1",
    "city": "London",
    "postcode": "E20 1EJ",
    "latitude": 51.543369,
    "longitude": -0.00413,
    "status": "open"
  },
  {
    "id": "10820",
    "name": "Pret A Manger",
    "address": "1 The Pavement, Clapham Town",
    "city": "London",
    "postcode": "SW4 0HY",
    "latitude": 51.46209,
    "longitude": -0.13791,
    "status": "open"
  },
  {
    "id": "10832",
    "name": "Pret A Manger",
    "address": "99 Chase Side, Southgate",
    "city": "London",
    "postcode": "N14 5BU",
    "latitude": 51.63386556050822,
    "longitude": -0.13301843064253938,
    "status": "open"
  },
  {
    "id": "10848",
    "name": "Pret A Manger",
    "address": "192 Haverstock Hill",
    "city": "London",
    "postcode": "NW3 2AJ",
    "latitude": 51.54803,
    "longitude": -0.16075,
    "status": "open"
  },
  {
    "id": "10802",
    "name": "Pret A Manger",
    "address": "Piccadilly",
    "city": "London",
    "postcode": "W1J 0DP",
    "latitude": 51.50907835,
    "longitude": -0.13740609,
    "status": "open"
  },
  {
    "id": "10842",
    "name": "Pret A Manger",
    "address": "Creek Road, Unit SU5 Crescent Arcade, Cutty Sark",
    "city": "London",
    "postcode": "SE10 9EJ",
    "latitude": 51.4818227,
    "longitude": -0.010761,
    "status": "open"
  },
  {
    "id": "10852",
    "name": "Pret A Manger",
    "address": "200 Balham High Road",
    "city": "London",
    "postcode": "SW12 9DH",
    "latitude": 51.44485,
    "longitude": -0.1516,
    "status": "open"
  },
  {
    "id": "10855",
    "name": "Pret A Manger",
    "address": "13 Clifton Road",
    "city": "London",
    "postcode": "W9 1SZ",
    "latitude": 51.52560583,
    "longitude": -0.17899788,
    "status": "open"
  },
  {
    "id": "10847",
    "name": "Pret A Manger",
    "address": "Eversholt Street, Unit 4 The Piazza, Euston Piazza",
    "city": "London",
    "postcode": "NW1 2RT",
    "latitude": 51.528664,
    "longitude": -0.133296,
    "status": "open"
  },
  {
    "id": "10859",
    "name": "Pret A Manger",
    "address": "Bothwell Close, Unit C01, Hallsville Quarter",
    "city": "London",
    "postcode": "E16 1QT",
    "latitude": 51.51492443,
    "longitude": 0.00923386,
    "status": "open"
  },
  {
    "id": "10841",
    "name": "Pret A Manger",
    "address": "York Road, Unit 2B, Southbank Place",
    "city": "London",
    "postcode": "SE1 7NA",
    "latitude": 51.5037078,
    "longitude": -0.1163002,
    "status": "open"
  },
  {
    "id": "10870",
    "name": "Pret A Manger",
    "address": "356-358 South Lambeth Road",
    "city": "London",
    "postcode": "SW8 1UG",
    "latitude": 51.4727035,
    "longitude": -0.1225105,
    "status": "open"
  },
  {
    "id": "10887",
    "name": "Pret A Manger",
    "address": "8 Victoria Road",
    "city": "London",
    "postcode": "KT6 4JL",
    "latitude": 51.5006881,
    "longitude": -0.1860604,
    "status": "open"
  },
  {
    "id": "10824",
    "name": "Pret A Manger",
    "address": "100 Liverpool Street, Unit LG4",
    "city": "London",
    "postcode": "EC2M 2RH",
    "latitude": 51.5187,
    "longitude": -0.0827,
    "status": "open"
  },
  {
    "id": "10883",
    "name": "Pret A Manger",
    "address": "172 Stoke Newington High Street",
    "city": "London",
    "postcode": "N16 0PE",
    "latitude": 51.56155553,
    "longitude": -0.07346572,
    "status": "open"
  },
  {
    "id": "10897",
    "name": "Pret A Manger",
    "address": "252 Tottenham Court Road",
    "city": "London",
    "postcode": "W1T 7RB",
    "latitude": 51.51781,
    "longitude": -0.13127,
    "status": "open"
  },
  {
    "id": "10896",
    "name": "Pret A Manger",
    "address": "Circus Rd W, Power Station, Battersea, Turbine Hall B",
    "city": "London",
    "postcode": "SW8 5BN",
    "latitude": 51.4823811,
    "longitude": -0.1444907,
    "status": "open"
  },
  {
    "id": "10913",
    "name": "Pret A Manger",
    "address": "336 Chiswick High Road, Building 5, Chiswick Business Park",
    "city": "London",
    "postcode": "W4 5YA",
    "latitude": 51.4928524,
    "longitude": -0.2623105,
    "status": "open"
  },
  {
    "id": "10903",
    "name": "Pret A Manger",
    "address": "19-21 Ludgate Hill",
    "city": "London",
    "postcode": "EC4M 7AE",
    "latitude": 51.51378,
    "longitude": -0.10124,
    "status": "open"
  },
  {
    "id": "10506",
    "name": "Pret A Manger",
    "address": "73 Russell Square",
    "city": "London",
    "postcode": "WC1B 5BG",
    "latitude": 51.5221659,
    "longitude": -0.1244796,
    "status": "open"
  },
  {
    "id": "312",
    "name": "Pret A Manger",
    "address": "173 Victoria Street",
    "city": "London",
    "postcode": "SW1E 5NA",
    "latitude": 51.496379,
    "longitude": -0.1422169,
    "status": "open"
  },
  {
    "id": "10857",
    "name": "Pret A Manger",
    "address": "M5 Junction 30 Sandygate Exeter Devon, Junction M5",
    "city": "London",
    "postcode": "EX2 7HF",
    "latitude": 50.7165959908581,
    "longitude": -3.46359359459995,
    "status": "open"
  },
  {
    "id": "10914",
    "name": "Pret A Manger",
    "address": "336 Chiswick High Road",
    "city": "London",
    "postcode": "W4 5TL",
    "latitude": 51.4925,
    "longitude": -0.26341,
    "status": "open"
  },
  {
    "id": "10866",
    "name": "Pret A Manger",
    "address": "M1 Junction 23 A Derby East Midlands, Junction 23 A, M1",
    "city": "London",
    "postcode": "DE74 2TN",
    "latitude": 52.8216898590715,
    "longitude": -1.30815431573782,
    "status": "open"
  },
  {
    "id": "10922",
    "name": "Pret A Manger",
    "address": "410-422 Gloucester Road Bristol Avon, Avon",
    "city": "London",
    "postcode": "BS7 8TX",
    "latitude": 51.48490260929731,
    "longitude": -2.5865627018228294,
    "status": "open"
  },
  {
    "id": "10891",
    "name": "Pret A Manger",
    "address": "14-15 Stone, North Junction",
    "city": "London",
    "postcode": "ST15 0EU",
    "latitude": 52.884371036112,
    "longitude": -2.17054242481578,
    "status": "open"
  },
  {
    "id": "10892",
    "name": "Pret A Manger",
    "address": "33 Knottingley, A1m Junction",
    "city": "London",
    "postcode": "WF11 0AF",
    "latitude": 53.6975967091935,
    "longitude": -1.26665496545494,
    "status": "open"
  },
  {
    "id": "10940",
    "name": "Pret A Manger",
    "address": "101 Kilburn High Road",
    "city": "London",
    "postcode": "NW6 6JE",
    "latitude": 51.53594,
    "longitude": -0.19107,
    "status": "open"
  },
  {
    "id": "10907",
    "name": "Pret A Manger",
    "address": "197 Muswell Hill Broadway",
    "city": "London",
    "postcode": "N10 3RS",
    "latitude": 51.59142,
    "longitude": -0.14267,
    "status": "open"
  },
  {
    "id": "10902",
    "name": "Pret A Manger",
    "address": "Saint John's Hill, Unit 7a One Stop Shop",
    "city": "London",
    "postcode": "SW11 1SS",
    "latitude": 51.46363317,
    "longitude": -0.16887541,
    "status": "open"
  },
  {
    "id": "10920",
    "name": "Pret A Manger",
    "address": "357-361 Lewisham High Street",
    "city": "London",
    "postcode": "SE13 6NZ",
    "latitude": 51.45207972,
    "longitude": -0.01604869,
    "status": "open"
  },
  {
    "id": "10858",
    "name": "Pret A Manger",
    "address": "5 Millennium Way",
    "city": "London",
    "postcode": "SE10 0PH",
    "latitude": 51.50026158,
    "longitude": 0.00344265,
    "status": "open"
  },
  {
    "id": "10980",
    "name": "Pret A Manger",
    "address": "Broad Lane",
    "city": "London",
    "postcode": "N15 4QT",
    "latitude": 51.58707666,
    "longitude": -0.06357376,
    "status": "open"
  },
  {
    "id": "11067",
    "name": "Pret A Manger",
    "address": "Unit SUK2 Two Rivers Shopping Centre",
    "city": "London",
    "postcode": "TW18 4UP",
    "latitude": 51.43467,
    "longitude": -0.51096,
    "status": "open"
  },
  {
    "id": "11068",
    "name": "Pret A Manger",
    "address": "84-89 Harrow Manorway, BP Thamesmead Service Station, Way Abbeywood",
    "city": "London",
    "postcode": "SE2 9SA",
    "latitude": 51.492875,
    "longitude": 0.121503,
    "status": "open"
  },
  {
    "id": "11096",
    "name": "Pret A Manger",
    "address": "Essington wolverhampton staffordshire",
    "city": "London",
    "postcode": "WV11 2AT",
    "latitude": 52.64297,
    "longitude": -2.05768,
    "status": "open"
  },
  {
    "id": "11095",
    "name": "Pret A Manger",
    "address": "cobham extra motorway services downside cobham",
    "city": "London",
    "postcode": "KT11 3DB",
    "latitude": 51.30438,
    "longitude": -0.40567,
    "status": "open"
  },
  {
    "id": "11113",
    "name": "Pret A Manger",
    "address": "130 West End Lane",
    "city": "London",
    "postcode": "NW6 1SA",
    "latitude": 51.547242706853,
    "longitude": -0.190931838956602,
    "status": "open"
  },
  {
    "id": "209876",
    "name": "Pret a Manger",
    "address": "Broad Lane, Unit F, Tottenham Hale Retail Park",
    "city": "London",
    "postcode": "N15 4QT",
    "latitude": 51.58692,
    "longitude": -0.0635134,
    "status": "open"
  },
  {
    "id": "11092",
    "name": "Pret A Manger",
    "address": "9-10 Wells Terrace",
    "city": "London",
    "postcode": "N43JU",
    "latitude": 51.5652376989531,
    "longitude": -0.108083676352313,
    "status": "open"
  },
  {
    "id": "11152",
    "name": "Pret A Manger",
    "address": "2 Golders Green Rd",
    "city": "London",
    "postcode": "NW11 8LH",
    "latitude": 51.5720242195573,
    "longitude": -0.195881234055207,
    "status": "open"
  },
  {
    "id": "11159",
    "name": "Pret A Manger",
    "address": "45/47 Parsons Green Lane",
    "city": "London",
    "postcode": "SW6 4HH",
    "latitude": 51.47533587,
    "longitude": -0.20061257,
    "status": "open"
  },
  {
    "id": "11165",
    "name": "Pret A Manger",
    "address": "Station Road, Unit A2, River Mill2, Lewisham",
    "city": "London",
    "postcode": "SE13 5FQ",
    "latitude": 51.46464,
    "longitude": -0.013,
    "status": "open"
  },
  {
    "id": "11176",
    "name": "Pret A Manger",
    "address": "45 High St,London",
    "city": "London",
    "postcode": "W5 5AW",
    "latitude": 51.51294,
    "longitude": -0.30506,
    "status": "open"
  },
  {
    "id": "11181",
    "name": "Pret A Manger",
    "address": "Prince Charles Drive, Unit R2, Brent Cross Shopping Centre",
    "city": "London",
    "postcode": "NW4 3FB",
    "latitude": 51.577256,
    "longitude": -0.224183,
    "status": "open"
  },
  {
    "id": "11214",
    "name": "Pret A Manger",
    "address": "33 Parliament Street",
    "city": "London",
    "postcode": "YO1 8RU",
    "latitude": 53.9591926,
    "longitude": -1.0811166,
    "status": "open"
  },
  {
    "id": "11215",
    "name": "Pret A Manger",
    "address": "140 Aldersgate Street",
    "city": "London",
    "postcode": "EC1A 4HY",
    "latitude": 51.5198609,
    "longitude": -0.09782261,
    "status": "open"
  },
  {
    "id": "11218",
    "name": "Pret A Manger",
    "address": "Amhurst Road, Pret Hackney",
    "city": "London",
    "postcode": "E8 1JB",
    "latitude": 51.546393,
    "longitude": -0.055069,
    "status": "open"
  },
  {
    "id": "11225",
    "name": "Pret A Manger",
    "address": "173 London Road, Shell Burgess Hill",
    "city": "London",
    "postcode": "RH15 8LJ",
    "latitude": 50.9578210058115,
    "longitude": -0.139219654339451,
    "status": "open"
  },
  {
    "id": "11230",
    "name": "Pret A Manger",
    "address": "21 Wimbledon Bridge",
    "city": "London",
    "postcode": "SW19 7NH",
    "latitude": 51.4210612,
    "longitude": -0.206539,
    "status": "open"
  },
  {
    "id": "11234",
    "name": "Pret A Manger",
    "address": "Hatfield Road, Morrisons St Albans Service Station",
    "city": "London",
    "postcode": "AL1 4LW",
    "latitude": 51.751688,
    "longitude": -0.313178,
    "status": "open"
  },
  {
    "id": "11240",
    "name": "Pret A Manger",
    "address": "180 Queen's Gate, South Kensington",
    "city": "London",
    "postcode": "SW7 2AZ",
    "latitude": 51.49949760960905,
    "longitude": -0.17805464482421263,
    "status": "open"
  },
  {
    "id": "11237",
    "name": "Pret A Manger",
    "address": "Church Street, Morrisons Dalton Park Service Station",
    "city": "London",
    "postcode": "SR7 9HU",
    "latitude": 54.815043,
    "longitude": -1.3735886,
    "status": "open"
  },
  {
    "id": "11238",
    "name": "Pret A Manger",
    "address": "Green Lanes, Esso Highfields Service Station",
    "city": "London",
    "postcode": "N21 3RL",
    "latitude": 51.629753,
    "longitude": -0.096905,
    "status": "open"
  }
]